<metadata xml:lang="pt"><Esri><CreaDate>20250310</CreaDate><CreaTime>22445000</CreaTime><ArcGISFormat>1.0</ArcGISFormat><SyncOnce>FALSE</SyncOnce><DataProperties><itemProps><itemLocation><linkage Sync="TRUE">file://\\BR2602907\C$\Users\C0701371\Desktop\bot_mg_shp\dm\dm_vale.shp</linkage><protocol Sync="TRUE">Local Area Network</protocol></itemLocation><itemName Sync="TRUE">dm_vale</itemName><imsContentType Sync="TRUE">002</imsContentType><itemSize Sync="TRUE">0.000</itemSize></itemProps><copyHistory><copy source="\L0Direito_minerário_Vale" dest="\\BR2317926\C$\Users\c0632191\AppData\Local\ESRI\ArcGISPro\Staging\SharingProcesses\0016\10784\p20\feature_service_data.gdb\L0Direito_minerário_Vale" date="20231227" time="14554200"></copy></copyHistory><coordRef><type Sync="TRUE">Geographic</type><geogcsn Sync="TRUE">GCS_SIRGAS_2000</geogcsn><csUnits Sync="TRUE">Angular Unit: Degree (0.017453)</csUnits><peXml Sync="TRUE">&lt;GeographicCoordinateSystem xsi:type='typens:GeographicCoordinateSystem' xmlns:xsi='http://www.w3.org/2001/XMLSchema-instance' xmlns:xs='http://www.w3.org/2001/XMLSchema' xmlns:typens='http://www.esri.com/schemas/ArcGIS/3.2.0'&gt;&lt;WKT&gt;GEOGCS[&amp;quot;GCS_SIRGAS_2000&amp;quot;,DATUM[&amp;quot;D_SIRGAS_2000&amp;quot;,SPHEROID[&amp;quot;GRS_1980&amp;quot;,6378137.0,298.257222101]],PRIMEM[&amp;quot;Greenwich&amp;quot;,0.0],UNIT[&amp;quot;Degree&amp;quot;,0.0174532925199433],AUTHORITY[&amp;quot;EPSG&amp;quot;,4674]]&lt;/WKT&gt;&lt;XOrigin&gt;-400&lt;/XOrigin&gt;&lt;YOrigin&gt;-400&lt;/YOrigin&gt;&lt;XYScale&gt;11258999068426.238&lt;/XYScale&gt;&lt;ZOrigin&gt;-100000&lt;/ZOrigin&gt;&lt;ZScale&gt;10000&lt;/ZScale&gt;&lt;MOrigin&gt;-100000&lt;/MOrigin&gt;&lt;MScale&gt;10000&lt;/MScale&gt;&lt;XYTolerance&gt;8.983152841195215e-09&lt;/XYTolerance&gt;&lt;ZTolerance&gt;0.001&lt;/ZTolerance&gt;&lt;MTolerance&gt;0.001&lt;/MTolerance&gt;&lt;HighPrecision&gt;true&lt;/HighPrecision&gt;&lt;LeftLongitude&gt;-180&lt;/LeftLongitude&gt;&lt;WKID&gt;4674&lt;/WKID&gt;&lt;LatestWKID&gt;4674&lt;/LatestWKID&gt;&lt;/GeographicCoordinateSystem&gt;</peXml></coordRef><lineage><Process ToolSource="f:\program files\arcgis\server\framework\runtime\arcgis\Resources\ArcToolbox\toolboxes\Analysis Tools.tbx\Clip" Date="20250430" Time="115546">Clip "ExtractDataTask_Direito_Minerario\Direito minerário Vale" in_memory\feature_set F:\arcgisserver\directories\arcgisjobs\geoprocessing\extractdatatask_direito_minerario_gpserver\jd0be93b171524427a1b13dc7e3cde80d\scratch\zipfolder\Direito_minerário_Vale.shp #</Process><Process ToolSource="c:\program files\arcgis\pro\Resources\ArcToolbox\toolboxes\Conversion Tools.tbx\ExportFeatures" Date="20250518" Time="103542">ExportFeatures dm\dm_vale C:\Users\C0701371\Desktop\bot_mg_shp\dm\dm_vale.shp # NOT_USE_ALIAS "PROCESSO "PROCESSO" true true false 11 Text 0 0,First,#,dm\dm_vale,PROCESSO,0,10;NumeroProc "NumeroProc" true true false 100 Text 0 0,First,#,dm\dm_vale,NumeroProc,0,99;Ano "Ano" true true false 10 Long 0 10,First,#,dm\dm_vale,Ano,-1,-1;Fase "Fase" true true false 100 Text 0 0,First,#,dm\dm_vale,Fase,0,99;Requerente "Requerente" true true false 60 Text 0 0,First,#,dm\dm_vale,Requerente,0,59;Subs "Subs" true true false 100 Text 0 0,First,#,dm\dm_vale,Subs,0,99;UltEvento "UltEvento" true true false 100 Text 0 0,First,#,dm\dm_vale,UltEvento,0,99;AreaHa "AreaHa" true true false 19 Double 0 0,First,#,dm\dm_vale,AreaHa,-1,-1;Municipio "Municipio" true true false 60 Text 0 0,First,#,dm\dm_vale,Municipio,0,59;LimitePro "LimitePro" true true false 8 Date 0 0,First,#,dm\dm_vale,LimitePro,-1,-1;Grupamento "Grupamento" true true false 100 Text 0 0,First,#,dm\dm_vale,Grupamento,0,99;GR_Titular "GR_Titular" true true false 254 Text 0 0,First,#,dm\dm_vale,GR_Titular,0,253;Venc_alvar "Venc_alvar" true true false 8 Date 0 0,First,#,dm\dm_vale,Venc_alvar,-1,-1;Apelido "Apelido" true true false 250 Text 0 0,First,#,dm\dm_vale,Apelido,0,249;DM_MPlan "DM_MPlan" true true false 20 Text 0 0,First,#,dm\dm_vale,DM_MPlan,0,19;GRCOMITE "GRCOMITE" true true false 30 Text 0 0,First,#,dm\dm_vale,GRCOMITE,0,29;RESP "RESP" true true false 10 Text 0 0,First,#,dm\dm_vale,RESP,0,9;GF_DISPONI "GF_DISPONI" true true false 254 Text 0 0,First,#,dm\dm_vale,GF_DISPONI,0,253;GF_DISPO_1 "GF_DISPO_1" true true false 8 Date 0 0,First,#,dm\dm_vale,GF_DISPO_1,-1,-1;GF_ATUALIZ "GF_ATUALIZ" true true false 254 Text 0 0,First,#,dm\dm_vale,GF_ATUALIZ,0,253;GF_EMAIL "GF_EMAIL" true true false 254 Text 0 0,First,#,dm\dm_vale,GF_EMAIL,0,253;GF_CLASSIF "GF_CLASSIF" true true false 10 Text 0 0,First,#,dm\dm_vale,GF_CLASSIF,0,9;Shape_Leng "Shape_Leng" true true false 19 Double 0 0,First,#,dm\dm_vale,Shape_Leng,-1,-1;Shape_Area "Shape_Area" true true false 19 Double 0 0,First,#,dm\dm_vale,Shape_Area,-1,-1" #</Process></lineage></DataProperties><SyncDate>20250518</SyncDate><SyncTime>10354200</SyncTime><ModDate>20250518</ModDate><ModTime>10354200</ModTime></Esri><dataIdInfo><envirDesc Sync="TRUE">Microsoft Windows 10 Version 10.0 (Build 26100) ; Esri ArcGIS 13.2.2.49743</envirDesc><dataLang><languageCode value="por" Sync="TRUE"></languageCode><countryCode value="BRA" Sync="TRUE"></countryCode></dataLang><idCitation><resTitle Sync="TRUE">dm_vale</resTitle><presForm><PresFormCd value="005" Sync="TRUE"></PresFormCd></presForm></idCitation><spatRpType><SpatRepTypCd value="001" Sync="TRUE"></SpatRepTypCd></spatRpType></dataIdInfo><mdLang><languageCode value="por" Sync="TRUE"></languageCode><countryCode value="BRA" Sync="TRUE"></countryCode></mdLang><distInfo><distFormat><formatName Sync="TRUE">Shapefile</formatName></distFormat><distTranOps><transSize Sync="TRUE">0.000</transSize></distTranOps></distInfo><mdHrLv><ScopeCd value="005" Sync="TRUE"></ScopeCd></mdHrLv><mdHrLvName Sync="TRUE">dataset</mdHrLvName><refSysInfo><RefSystem><refSysID><identCode code="4674" Sync="TRUE"></identCode><idCodeSpace Sync="TRUE">EPSG</idCodeSpace><idVersion Sync="TRUE">6.11(9.2.0)</idVersion></refSysID></RefSystem></refSysInfo><spatRepInfo><VectSpatRep><geometObjs Name="dm_vale"><geoObjTyp><GeoObjTypCd value="002" Sync="TRUE"></GeoObjTypCd></geoObjTyp><geoObjCnt Sync="TRUE">0</geoObjCnt></geometObjs><topLvl><TopoLevCd value="001" Sync="TRUE"></TopoLevCd></topLvl></VectSpatRep></spatRepInfo><spdoinfo><ptvctinf><esriterm Name="dm_vale"><efeatyp Sync="TRUE">Simple</efeatyp><efeageom code="4" Sync="TRUE"></efeageom><esritopo Sync="TRUE">FALSE</esritopo><efeacnt Sync="TRUE">0</efeacnt><spindex Sync="TRUE">FALSE</spindex><linrefer Sync="TRUE">TRUE</linrefer></esriterm></ptvctinf></spdoinfo><eainfo><detailed Name="dm_vale"><enttyp><enttypl Sync="TRUE">dm_vale</enttypl><enttypt Sync="TRUE">Feature Class</enttypt><enttypc Sync="TRUE">0</enttypc></enttyp><attr><attrlabl Sync="TRUE">FID</attrlabl><attalias Sync="TRUE">FID</attalias><attrtype Sync="TRUE">OID</attrtype><attwidth Sync="TRUE">4</attwidth><atprecis Sync="TRUE">0</atprecis><attscale Sync="TRUE">0</attscale><attrdef Sync="TRUE">Internal feature number.</attrdef><attrdefs Sync="TRUE">Esri</attrdefs><attrdomv><udom Sync="TRUE">Sequential unique whole numbers that are automatically generated.</udom></attrdomv></attr><attr><attrlabl Sync="TRUE">Shape</attrlabl><attalias Sync="TRUE">Shape</attalias><attrtype Sync="TRUE">Geometry</attrtype><attwidth Sync="TRUE">0</attwidth><atprecis Sync="TRUE">0</atprecis><attscale Sync="TRUE">0</attscale><attrdef Sync="TRUE">Feature geometry.</attrdef><attrdefs Sync="TRUE">Esri</attrdefs><attrdomv><udom Sync="TRUE">Coordinates defining the features.</udom></attrdomv></attr><attr><attrlabl Sync="TRUE">PROCESSO</attrlabl><attalias Sync="TRUE">PROCESSO</attalias><attrtype Sync="TRUE">String</attrtype><attwidth Sync="TRUE">11</attwidth><atprecis Sync="TRUE">0</atprecis><attscale Sync="TRUE">0</attscale></attr><attr><attrlabl Sync="TRUE">NumeroProc</attrlabl><attalias Sync="TRUE">NumeroProc</attalias><attrtype Sync="TRUE">String</attrtype><attwidth Sync="TRUE">100</attwidth><atprecis Sync="TRUE">0</atprecis><attscale Sync="TRUE">0</attscale></attr><attr><attrlabl Sync="TRUE">Ano</attrlabl><attalias Sync="TRUE">Ano</attalias><attrtype Sync="TRUE">Integer</attrtype><attwidth Sync="TRUE">10</attwidth><atprecis Sync="TRUE">10</atprecis><attscale Sync="TRUE">0</attscale></attr><attr><attrlabl Sync="TRUE">Fase</attrlabl><attalias Sync="TRUE">Fase</attalias><attrtype Sync="TRUE">String</attrtype><attwidth Sync="TRUE">100</attwidth><atprecis Sync="TRUE">0</atprecis><attscale Sync="TRUE">0</attscale></attr><attr><attrlabl Sync="TRUE">Requerente</attrlabl><attalias Sync="TRUE">Requerente</attalias><attrtype Sync="TRUE">String</attrtype><attwidth Sync="TRUE">60</attwidth><atprecis Sync="TRUE">0</atprecis><attscale Sync="TRUE">0</attscale></attr><attr><attrlabl Sync="TRUE">Subs</attrlabl><attalias Sync="TRUE">Subs</attalias><attrtype Sync="TRUE">String</attrtype><attwidth Sync="TRUE">100</attwidth><atprecis Sync="TRUE">0</atprecis><attscale Sync="TRUE">0</attscale></attr><attr><attrlabl Sync="TRUE">UltEvento</attrlabl><attalias Sync="TRUE">UltEvento</attalias><attrtype Sync="TRUE">String</attrtype><attwidth Sync="TRUE">100</attwidth><atprecis Sync="TRUE">0</atprecis><attscale Sync="TRUE">0</attscale></attr><attr><attrlabl Sync="TRUE">AreaHa</attrlabl><attalias Sync="TRUE">AreaHa</attalias><attrtype Sync="TRUE">Double</attrtype><attwidth Sync="TRUE">19</attwidth><atprecis Sync="TRUE">0</atprecis><attscale Sync="TRUE">0</attscale></attr><attr><attrlabl Sync="TRUE">Municipio</attrlabl><attalias Sync="TRUE">Municipio</attalias><attrtype Sync="TRUE">String</attrtype><attwidth Sync="TRUE">60</attwidth><atprecis Sync="TRUE">0</atprecis><attscale Sync="TRUE">0</attscale></attr><attr><attrlabl Sync="TRUE">LimitePro</attrlabl><attalias Sync="TRUE">LimitePro</attalias><attrtype Sync="TRUE">Date</attrtype><attwidth Sync="TRUE">8</attwidth><atprecis Sync="TRUE">0</atprecis><attscale Sync="TRUE">0</attscale></attr><attr><attrlabl Sync="TRUE">Grupamento</attrlabl><attalias Sync="TRUE">Grupamento</attalias><attrtype Sync="TRUE">String</attrtype><attwidth Sync="TRUE">100</attwidth><atprecis Sync="TRUE">0</atprecis><attscale Sync="TRUE">0</attscale></attr><attr><attrlabl Sync="TRUE">GR_Titular</attrlabl><attalias Sync="TRUE">GR_Titular</attalias><attrtype Sync="TRUE">String</attrtype><attwidth Sync="TRUE">254</attwidth><atprecis Sync="TRUE">0</atprecis><attscale Sync="TRUE">0</attscale></attr><attr><attrlabl Sync="TRUE">Venc_alvar</attrlabl><attalias Sync="TRUE">Venc_alvar</attalias><attrtype Sync="TRUE">Date</attrtype><attwidth Sync="TRUE">8</attwidth><atprecis Sync="TRUE">0</atprecis><attscale Sync="TRUE">0</attscale></attr><attr><attrlabl Sync="TRUE">Apelido</attrlabl><attalias Sync="TRUE">Apelido</attalias><attrtype Sync="TRUE">String</attrtype><attwidth Sync="TRUE">250</attwidth><atprecis Sync="TRUE">0</atprecis><attscale Sync="TRUE">0</attscale></attr><attr><attrlabl Sync="TRUE">DM_MPlan</attrlabl><attalias Sync="TRUE">DM_MPlan</attalias><attrtype Sync="TRUE">String</attrtype><attwidth Sync="TRUE">20</attwidth><atprecis Sync="TRUE">0</atprecis><attscale Sync="TRUE">0</attscale></attr><attr><attrlabl Sync="TRUE">GRCOMITE</attrlabl><attalias Sync="TRUE">GRCOMITE</attalias><attrtype Sync="TRUE">String</attrtype><attwidth Sync="TRUE">30</attwidth><atprecis Sync="TRUE">0</atprecis><attscale Sync="TRUE">0</attscale></attr><attr><attrlabl Sync="TRUE">RESP</attrlabl><attalias Sync="TRUE">RESP</attalias><attrtype Sync="TRUE">String</attrtype><attwidth Sync="TRUE">10</attwidth><atprecis Sync="TRUE">0</atprecis><attscale Sync="TRUE">0</attscale></attr><attr><attrlabl Sync="TRUE">GF_DISPONI</attrlabl><attalias Sync="TRUE">GF_DISPONI</attalias><attrtype Sync="TRUE">String</attrtype><attwidth Sync="TRUE">254</attwidth><atprecis Sync="TRUE">0</atprecis><attscale Sync="TRUE">0</attscale></attr><attr><attrlabl Sync="TRUE">GF_DISPO_1</attrlabl><attalias Sync="TRUE">GF_DISPO_1</attalias><attrtype Sync="TRUE">Date</attrtype><attwidth Sync="TRUE">8</attwidth><atprecis Sync="TRUE">0</atprecis><attscale Sync="TRUE">0</attscale></attr><attr><attrlabl Sync="TRUE">GF_ATUALIZ</attrlabl><attalias Sync="TRUE">GF_ATUALIZ</attalias><attrtype Sync="TRUE">String</attrtype><attwidth Sync="TRUE">254</attwidth><atprecis Sync="TRUE">0</atprecis><attscale Sync="TRUE">0</attscale></attr><attr><attrlabl Sync="TRUE">GF_EMAIL</attrlabl><attalias Sync="TRUE">GF_EMAIL</attalias><attrtype Sync="TRUE">String</attrtype><attwidth Sync="TRUE">254</attwidth><atprecis Sync="TRUE">0</atprecis><attscale Sync="TRUE">0</attscale></attr><attr><attrlabl Sync="TRUE">GF_CLASSIF</attrlabl><attalias Sync="TRUE">GF_CLASSIF</attalias><attrtype Sync="TRUE">String</attrtype><attwidth Sync="TRUE">10</attwidth><atprecis Sync="TRUE">0</atprecis><attscale Sync="TRUE">0</attscale></attr><attr><attrlabl Sync="TRUE">Shape_Leng</attrlabl><attalias Sync="TRUE">Shape_Leng</attalias><attrtype Sync="TRUE">Double</attrtype><attwidth Sync="TRUE">19</attwidth><atprecis Sync="TRUE">0</atprecis><attscale Sync="TRUE">0</attscale></attr><attr><attrlabl Sync="TRUE">Shape_Area</attrlabl><attalias Sync="TRUE">Shape_Area</attalias><attrtype Sync="TRUE">Double</attrtype><attwidth Sync="TRUE">19</attwidth><atprecis Sync="TRUE">0</atprecis><attscale Sync="TRUE">0</attscale><attrdef Sync="TRUE">Area of feature in internal units squared.</attrdef><attrdefs Sync="TRUE">Esri</attrdefs><attrdomv><udom Sync="TRUE">Positive real numbers that are automatically generated.</udom></attrdomv></attr></detailed></eainfo><mdDateSt Sync="TRUE">20250518</mdDateSt></metadata>
